<?xml version="1.0" encoding="ISO-8859-1"?>
<entries>
	<entry key="Title" value="$Title" />
	<entry key="Description" value="$Description" />
	<entry key="Author" value="Jimmy Thomsen" />
	<entry key="Company" value="Sitemagic" />
	<entry key="Website" value="http://sitemagic.org" />
	<entry key="Email" value="dev@sitemagic.org" />
	<entry key="Version" value="20150802" />
	<entry key="Dependencies" value="SMExtensionCommon;SMPages" />
	<entry key="Notes" value="Galleries may be linked directly from the SMMenu extension if installed, or be draged into content pages or linked directly within content pages, if the SMPages extension is installed." />
</entries>
