<?xml version="1.0" encoding="ISO-8859-1"?>
<entries>
	<entry key="Title" value="Sitemagic base extension" />
	<entry key="Description" value="Package defines some common functionality for all extensions developed by the Sitemagic team" />
	<entry key="Author" value="Jimmy Thomsen" />
	<entry key="Company" value="Sitemagic" />
	<entry key="Website" value="http://sitemagic.org" />
	<entry key="Email" value="dev@sitemagic.org" />
	<entry key="Version" value="20150802" />
	<entry key="Dependencies" value="" />
	<entry key="Notes" value="" />
</entries>
