<?xml version="1.0" encoding="ISO-8859-1"?>
<entries>
	<entry key="Title" value="$LoginForm" />
	<entry key="Description" value="Start or end an administration session which provides access to administration extensions" />
	<entry key="Author" value="Jimmy Thomsen" />
	<entry key="Company" value="Sitemagic" />
	<entry key="Website" value="http://sitemagic.org" />
	<entry key="Email" value="dev@sitemagic.org" />
	<entry key="Version" value="20150802" />
	<entry key="Dependencies" value="SMExtensionCommon" />
	<entry key="Notes" value="" />
</entries>
