<?xml version="1.0" encoding="ISO-8859-1"?>
<entries>
	<entry key="Title" value="$ContentPages" />
	<entry key="Description" value="Easily manage content pages using the user friendly WYSIWYG editor" />
	<entry key="Author" value="Jimmy Thomsen" />
	<entry key="Company" value="Sitemagic" />
	<entry key="Website" value="http://sitemagic.org" />
	<entry key="Email" value="dev@sitemagic.org" />
	<entry key="Version" value="20150802" />
	<entry key="Dependencies" value="SMExtensionCommon" />
	<entry key="Notes" value="Content pages may be linked directly from the SMMenu extension if installed" />
</entries>
