<?xml version="1.0" encoding="ISO-8859-1"?>
<entries>
	<entry key="Title" value="Auto configures SEO Urls" />
	<entry key="Description" value="Extension automatically configures SEO friendly URLs for pages, and automatically upgrades existing menu items to point to new URLs" />
	<entry key="Author" value="Jimmy Thomsen" />
	<entry key="Company" value="Sitemagic" />
	<entry key="Website" value="http://sitemagic.org" />
	<entry key="Email" value="dev@sitemagic.org" />
	<entry key="Version" value="20150802" />
	<entry key="Dependencies" value="" />
	<entry key="Notes" value="" />
</entries>
